file_name,主动脉_主动脉瘤,主动脉_粥样硬化,大肠_粘膜下水肿,大肠_阑尾炎,小肠_梗阻,心脏_主动脉瓣钙化,心脏_心影（脏）增大,肝_肝内胆管扩张,肝_肝大,肝_脂肪肝,肺_胸腔积液,肺_膨胀不全,肾_低密度影,肾_囊肿,肾_肾积水,胆囊_结石,胰腺_萎缩,脾_脾大,腰椎_骨折,食管_裂孔疝,胆囊_术后胆囊缺失
AC423ccbe.nii.gz,0.20833684504032135,0.6341294646263123,0.019829383119940758,0.019605550915002823,0.006432941183447838,0.5383296012878418,0.8587986826896667,0.0005232372786849737,0.00012640981003642082,0.00955867674201727,0.03636709600687027,0.03263970836997032,0.09336552023887634,0.10224109143018723,0.1351018249988556,0.00624385941773653,0.006362838204950094,0.009833017364144325,0.04470836743712425,0.10950677841901779,5040
AC423e6ba.nii.gz,0.9008433222770691,0.8381900191307068,0.024501128122210503,0.0372757762670517,0.00968116894364357,0.7430638074874878,0.7233012318611145,0.0012507527135312557,0.0003429594507906586,0.0299470704048872,0.0813334733247757,0.06278689950704575,0.16216115653514862,0.23947766423225403,0.9760639667510986,0.09538278728723526,0.2191108912229538,0.01714163087308407,0.27958744764328003,0.9833672046661377,2501
AC424421b.nii.gz,0.0638880655169487,0.06930077075958252,0.010165429674088955,0.01187690906226635,0.011267497204244137,0.5776861906051636,0.7912362813949585,0.00017639613361097872,0.0006322262925095856,0.007406122516840696,0.9757797718048096,0.9936738014221191,0.04069565236568451,0.03358469903469086,0.0024072795640677214,0.01591160148382187,0.011210777796804905,0.009497319348156452,0.31706875562667847,0.5737692713737488,8567
